<annotation>
	<folder>colgate</folder>
	<filename>c10.jpg</filename>
	<path>F:\macronie\colgate\c10.jpg</path>
	<source>
		<database>Unknown</database>
	</source>
	<size>
		<width>225</width>
		<height>225</height>
		<depth>3</depth>
	</size>
	<segmented>0</segmented>
	<object>
		<name>colgate</name>
		<pose>Unspecified</pose>
		<truncated>0</truncated>
		<difficult>0</difficult>
		<bndbox>
			<xmin>12</xmin>
			<ymin>44</ymin>
			<xmax>212</xmax>
			<ymax>159</ymax>
		</bndbox>
	</object>
</annotation>
