<annotation>
	<folder>colgate</folder>
	<filename>c12.jpg</filename>
	<path>F:\macronie\colgate\c12.jpg</path>
	<source>
		<database>Unknown</database>
	</source>
	<size>
		<width>186</width>
		<height>270</height>
		<depth>3</depth>
	</size>
	<segmented>0</segmented>
	<object>
		<name>colgate</name>
		<pose>Unspecified</pose>
		<truncated>0</truncated>
		<difficult>0</difficult>
		<bndbox>
			<xmin>45</xmin>
			<ymin>33</ymin>
			<xmax>100</xmax>
			<ymax>245</ymax>
		</bndbox>
	</object>
</annotation>
