<annotation>
	<folder>colgate</folder>
	<filename>c21.jpg</filename>
	<path>F:\macronie\colgate\c21.jpg</path>
	<source>
		<database>Unknown</database>
	</source>
	<size>
		<width>184</width>
		<height>273</height>
		<depth>3</depth>
	</size>
	<segmented>0</segmented>
	<object>
		<name>colgate</name>
		<pose>Unspecified</pose>
		<truncated>0</truncated>
		<difficult>0</difficult>
		<bndbox>
			<xmin>2</xmin>
			<ymin>25</ymin>
			<xmax>154</xmax>
			<ymax>64</ymax>
		</bndbox>
	</object>
	<object>
		<name>colgate</name>
		<pose>Unspecified</pose>
		<truncated>0</truncated>
		<difficult>0</difficult>
		<bndbox>
			<xmin>17</xmin>
			<ymin>72</ymin>
			<xmax>170</xmax>
			<ymax>109</ymax>
		</bndbox>
	</object>
	<object>
		<name>colgate</name>
		<pose>Unspecified</pose>
		<truncated>0</truncated>
		<difficult>0</difficult>
		<bndbox>
			<xmin>6</xmin>
			<ymin>116</ymin>
			<xmax>158</xmax>
			<ymax>160</ymax>
		</bndbox>
	</object>
</annotation>
