<annotation>
	<folder>colgate</folder>
	<filename>c7.jpg</filename>
	<path>F:\macronie\colgate\c7.jpg</path>
	<source>
		<database>Unknown</database>
	</source>
	<size>
		<width>0</width>
		<height>0</height>
		<depth>3</depth>
	</size>
	<segmented>0</segmented>
	<object>
		<name>colgate</name>
		<pose>Unspecified</pose>
		<truncated>0</truncated>
		<difficult>0</difficult>
		<bndbox>
			<xmin>4</xmin>
			<ymin>83</ymin>
			<xmax>223</xmax>
			<ymax>142</ymax>
		</bndbox>
	</object>
</annotation>
