<annotation>
	<folder>colgate</folder>
	<filename>c9.jpg</filename>
	<path>F:\macronie\colgate\c9.jpg</path>
	<source>
		<database>Unknown</database>
	</source>
	<size>
		<width>199</width>
		<height>253</height>
		<depth>3</depth>
	</size>
	<segmented>0</segmented>
	<object>
		<name>colgate</name>
		<pose>Unspecified</pose>
		<truncated>0</truncated>
		<difficult>0</difficult>
		<bndbox>
			<xmin>6</xmin>
			<ymin>93</ymin>
			<xmax>190</xmax>
			<ymax>158</ymax>
		</bndbox>
	</object>
</annotation>
