<annotation>
	<folder>colgate</folder>
	<filename>c13.jpg</filename>
	<path>F:\macronie\colgate\c13.jpg</path>
	<source>
		<database>Unknown</database>
	</source>
	<size>
		<width>278</width>
		<height>181</height>
		<depth>3</depth>
	</size>
	<segmented>0</segmented>
	<object>
		<name>colgate</name>
		<pose>Unspecified</pose>
		<truncated>0</truncated>
		<difficult>0</difficult>
		<bndbox>
			<xmin>39</xmin>
			<ymin>42</ymin>
			<xmax>238</xmax>
			<ymax>104</ymax>
		</bndbox>
	</object>
</annotation>
