<annotation>
	<folder>colgate</folder>
	<filename>c16.jpg</filename>
	<path>F:\macronie\colgate\c16.jpg</path>
	<source>
		<database>Unknown</database>
	</source>
	<size>
		<width>276</width>
		<height>183</height>
		<depth>3</depth>
	</size>
	<segmented>0</segmented>
	<object>
		<name>colgate</name>
		<pose>Unspecified</pose>
		<truncated>0</truncated>
		<difficult>0</difficult>
		<bndbox>
			<xmin>33</xmin>
			<ymin>61</ymin>
			<xmax>228</xmax>
			<ymax>133</ymax>
		</bndbox>
	</object>
</annotation>
