<annotation>
	<folder>colgate</folder>
	<filename>c17.jpg</filename>
	<path>F:\macronie\colgate\c17.jpg</path>
	<source>
		<database>Unknown</database>
	</source>
	<size>
		<width>183</width>
		<height>275</height>
		<depth>3</depth>
	</size>
	<segmented>0</segmented>
	<object>
		<name>colgate</name>
		<pose>Unspecified</pose>
		<truncated>0</truncated>
		<difficult>0</difficult>
		<bndbox>
			<xmin>10</xmin>
			<ymin>107</ymin>
			<xmax>174</xmax>
			<ymax>180</ymax>
		</bndbox>
	</object>
</annotation>
