<annotation>
	<folder>colgate</folder>
	<filename>c22.jpg</filename>
	<path>F:\macronie\colgate\c22.jpg</path>
	<source>
		<database>Unknown</database>
	</source>
	<size>
		<width>262</width>
		<height>192</height>
		<depth>3</depth>
	</size>
	<segmented>0</segmented>
	<object>
		<name>colgate</name>
		<pose>Unspecified</pose>
		<truncated>0</truncated>
		<difficult>0</difficult>
		<bndbox>
			<xmin>13</xmin>
			<ymin>39</ymin>
			<xmax>250</xmax>
			<ymax>151</ymax>
		</bndbox>
	</object>
</annotation>
