<annotation>
	<folder>colgate</folder>
	<filename>c23.jpg</filename>
	<path>F:\macronie\colgate\c23.jpg</path>
	<source>
		<database>Unknown</database>
	</source>
	<size>
		<width>225</width>
		<height>225</height>
		<depth>3</depth>
	</size>
	<segmented>0</segmented>
	<object>
		<name>colgate</name>
		<pose>Unspecified</pose>
		<truncated>0</truncated>
		<difficult>0</difficult>
		<bndbox>
			<xmin>3</xmin>
			<ymin>74</ymin>
			<xmax>218</xmax>
			<ymax>148</ymax>
		</bndbox>
	</object>
</annotation>
