<annotation>
	<folder>colgate</folder>
	<filename>c24.jpg</filename>
	<path>F:\macronie\colgate\c24.jpg</path>
	<source>
		<database>Unknown</database>
	</source>
	<size>
		<width>259</width>
		<height>194</height>
		<depth>3</depth>
	</size>
	<segmented>0</segmented>
	<object>
		<name>colgate</name>
		<pose>Unspecified</pose>
		<truncated>0</truncated>
		<difficult>0</difficult>
		<bndbox>
			<xmin>17</xmin>
			<ymin>36</ymin>
			<xmax>239</xmax>
			<ymax>89</ymax>
		</bndbox>
	</object>
</annotation>
