<annotation>
	<folder>colgate</folder>
	<filename>c4.jpg</filename>
	<path>F:\macronie\colgate\c4.jpg</path>
	<source>
		<database>Unknown</database>
	</source>
	<size>
		<width>225</width>
		<height>225</height>
		<depth>3</depth>
	</size>
	<segmented>0</segmented>
	<object>
		<name>colgate</name>
		<pose>Unspecified</pose>
		<truncated>1</truncated>
		<difficult>0</difficult>
		<bndbox>
			<xmin>1</xmin>
			<ymin>84</ymin>
			<xmax>225</xmax>
			<ymax>140</ymax>
		</bndbox>
	</object>
</annotation>
