<annotation>
	<folder>colgate</folder>
	<filename>c5.jpg</filename>
	<path>F:\macronie\colgate\c5.jpg</path>
	<source>
		<database>Unknown</database>
	</source>
	<size>
		<width>0</width>
		<height>0</height>
		<depth>3</depth>
	</size>
	<segmented>0</segmented>
	<object>
		<name>colgate</name>
		<pose>Unspecified</pose>
		<truncated>0</truncated>
		<difficult>0</difficult>
		<bndbox>
			<xmin>2</xmin>
			<ymin>75</ymin>
			<xmax>222</xmax>
			<ymax>147</ymax>
		</bndbox>
	</object>
</annotation>
