<annotation>
	<folder>colgate</folder>
	<filename>c8.jpg</filename>
	<path>F:\macronie\colgate\c8.jpg</path>
	<source>
		<database>Unknown</database>
	</source>
	<size>
		<width>0</width>
		<height>0</height>
		<depth>3</depth>
	</size>
	<segmented>0</segmented>
	<object>
		<name>colgate</name>
		<pose>Unspecified</pose>
		<truncated>0</truncated>
		<difficult>0</difficult>
		<bndbox>
			<xmin>18</xmin>
			<ymin>77</ymin>
			<xmax>208</xmax>
			<ymax>158</ymax>
		</bndbox>
	</object>
</annotation>
